queue_id,target,model,score,chosen
Q-CB-CAP-01,volume,SeasonalNaive,0.13229100037412955,False
Q-CB-CAP-01,volume,WeekdayAverage,0.09807775860196237,False
Q-CB-CAP-01,volume,AutoETS,0.0924490378727672,True
Q-CB-CAP-01,volume,AutoARIMA,0.1038150100513543,False
Q-CB-CAP-02,volume,SeasonalNaive,0.13694759483770044,True
Q-CB-CAP-02,volume,WeekdayAverage,0.14180924912006257,False
Q-CB-CAP-02,volume,AutoETS,0.14285601043198867,False
Q-CB-CAP-02,volume,AutoARIMA,0.13784865673234944,False
Q-CB-CAP-03,volume,SeasonalNaive,0.13273991408706434,False
Q-CB-CAP-03,volume,WeekdayAverage,0.10755059563349718,True
Q-CB-CAP-03,volume,AutoETS,0.12275353088991768,False
Q-CB-CAP-03,volume,AutoARIMA,0.12693101047003474,False
Q-CB-CAP-04,volume,SeasonalNaive,0.1500969511943562,False
Q-CB-CAP-04,volume,WeekdayAverage,0.1320898139362185,False
Q-CB-CAP-04,volume,AutoETS,0.13771530429228757,False
Q-CB-CAP-04,volume,AutoARIMA,0.12714004964279993,True
Q-CB-CAP-05,volume,SeasonalNaive,0.14727630856663115,False
Q-CB-CAP-05,volume,WeekdayAverage,0.12305046982466337,True
Q-CB-CAP-05,volume,AutoETS,0.13290117652646,False
Q-CB-CAP-05,volume,AutoARIMA,0.13752044251044623,False
Q-CB-DAS-01,volume,SeasonalNaive,0.16091823355993604,False
Q-CB-DAS-01,volume,WeekdayAverage,0.11539969988404611,False
Q-CB-DAS-01,volume,AutoETS,0.12549643328323856,False
Q-CB-DAS-01,volume,AutoARIMA,0.11506291703386107,True
Q-CB-DAS-02,volume,SeasonalNaive,0.15345155949430084,False
Q-CB-DAS-02,volume,WeekdayAverage,0.12663055441242618,True
Q-CB-DAS-02,volume,AutoETS,0.13106960767650153,False
Q-CB-DAS-02,volume,AutoARIMA,0.13462911607527395,False
Q-CB-DAS-03,volume,SeasonalNaive,0.14289863209967377,False
Q-CB-DAS-03,volume,WeekdayAverage,0.1079980541545253,False
Q-CB-DAS-03,volume,AutoETS,0.10476047151217174,True
Q-CB-DAS-03,volume,AutoARIMA,0.10561108066196175,False
Q-CB-DAS-04,volume,SeasonalNaive,0.11827688932653596,False
Q-CB-DAS-04,volume,WeekdayAverage,0.09873857928128935,False
Q-CB-DAS-04,volume,AutoETS,0.09083212960308694,True
Q-CB-DAS-04,volume,AutoARIMA,0.10308151994840703,False
Q-CB-DAS-05,volume,SeasonalNaive,0.12297870440644672,False
Q-CB-DAS-05,volume,WeekdayAverage,0.09358341890262958,False
Q-CB-DAS-05,volume,AutoETS,0.09031579139568834,True
Q-CB-DAS-05,volume,AutoARIMA,0.1107832190140816,False
Q-CB-DFS-01,volume,SeasonalNaive,0.13609436101779337,False
Q-CB-DFS-01,volume,WeekdayAverage,0.11248291137228304,False
Q-CB-DFS-01,volume,AutoETS,0.10491262326502934,True
Q-CB-DFS-01,volume,AutoARIMA,0.12646129653149243,False
Q-CB-DFS-02,volume,SeasonalNaive,0.12788919000301113,False
Q-CB-DFS-02,volume,WeekdayAverage,0.10843119542306534,False
Q-CB-DFS-02,volume,AutoETS,0.10694019871820559,True
Q-CB-DFS-02,volume,AutoARIMA,0.11767409186640504,False
Q-CB-DFS-03,volume,SeasonalNaive,0.14645860233678706,False
Q-CB-DFS-03,volume,WeekdayAverage,0.10632066261455611,False
Q-CB-DFS-03,volume,AutoETS,0.1040891296655599,True
Q-CB-DFS-03,volume,AutoARIMA,0.1069295346146386,False
Q-CB-DFS-04,volume,SeasonalNaive,0.12005557371690095,False
Q-CB-DFS-04,volume,WeekdayAverage,0.08976585485452762,True
Q-CB-DFS-04,volume,AutoETS,0.09490359570825302,False
Q-CB-DFS-04,volume,AutoARIMA,0.0943148730713142,False
Q-CB-DFS-05,volume,SeasonalNaive,0.13480533235097736,False
Q-CB-DFS-05,volume,WeekdayAverage,0.11010637073193194,False
Q-CB-DFS-05,volume,AutoETS,0.11084878497980571,False
Q-CB-DFS-05,volume,AutoARIMA,0.1096556285707519,True
Q-CL-ALS-01,volume,SeasonalNaive,0.1189280296645879,False
Q-CL-ALS-01,volume,WeekdayAverage,0.08664391257935838,True
Q-CL-ALS-01,volume,AutoETS,0.09251092236124066,False
Q-CL-ALS-01,volume,AutoARIMA,0.09138300684021389,False
Q-CL-ALS-02,volume,SeasonalNaive,0.1129974794907608,False
Q-CL-ALS-02,volume,WeekdayAverage,0.10631592255454414,False
Q-CL-ALS-02,volume,AutoETS,0.11905140977511033,False
Q-CL-ALS-02,volume,AutoARIMA,0.10388096995855568,True
Q-CL-ALS-03,volume,SeasonalNaive,0.10447671555379386,False
Q-CL-ALS-03,volume,WeekdayAverage,0.08402550058256159,False
Q-CL-ALS-03,volume,AutoETS,0.08359124223329263,True
Q-CL-ALS-03,volume,AutoARIMA,0.08757427502232439,False
Q-CL-ALS-04,volume,SeasonalNaive,0.12707458831126897,False
Q-CL-ALS-04,volume,WeekdayAverage,0.09833911850177592,True
Q-CL-ALS-04,volume,AutoETS,0.10057174262820236,False
Q-CL-ALS-04,volume,AutoARIMA,0.09874067983488437,False
Q-CL-ALS-05,volume,SeasonalNaive,0.15804999223723024,False
Q-CL-ALS-05,volume,WeekdayAverage,0.12969324121513223,False
Q-CL-ALS-05,volume,AutoETS,0.12347826648871142,True
Q-CL-ALS-05,volume,AutoARIMA,0.144652192936132,False
Q-CL-MCS-01,volume,SeasonalNaive,0.11880344999574224,False
Q-CL-MCS-01,volume,WeekdayAverage,0.10050423950464095,False
Q-CL-MCS-01,volume,AutoETS,0.10544294457159092,False
Q-CL-MCS-01,volume,AutoARIMA,0.10047018567568332,True
Q-CL-MCS-02,volume,SeasonalNaive,0.13585205455267688,False
Q-CL-MCS-02,volume,WeekdayAverage,0.10404253284488973,False
Q-CL-MCS-02,volume,AutoETS,0.09839549231905957,True
Q-CL-MCS-02,volume,AutoARIMA,0.1076989641144685,False
Q-CL-MCS-03,volume,SeasonalNaive,0.1625444110412681,False
Q-CL-MCS-03,volume,WeekdayAverage,0.12599558817787843,False
Q-CL-MCS-03,volume,AutoETS,0.12005854785795766,True
Q-CL-MCS-03,volume,AutoARIMA,0.12726472589991483,False
Q-CL-MCS-04,volume,SeasonalNaive,0.15007362442527872,False
Q-CL-MCS-04,volume,WeekdayAverage,0.10186277308651621,False
Q-CL-MCS-04,volume,AutoETS,0.09628119392405245,True
Q-CL-MCS-04,volume,AutoARIMA,0.09799152315031363,False
Q-CL-MCS-05,volume,SeasonalNaive,0.12024370049061407,False
Q-CL-MCS-05,volume,WeekdayAverage,0.10445321865074951,False
Q-CL-MCS-05,volume,AutoETS,0.10152785747289395,True
Q-CL-MCS-05,volume,AutoARIMA,0.10702844028451375,False
Q-CL-PAH-01,volume,SeasonalNaive,0.14087743023746166,False
Q-CL-PAH-01,volume,WeekdayAverage,0.1195487792464628,False
Q-CL-PAH-01,volume,AutoETS,0.11215612114842594,True
Q-CL-PAH-01,volume,AutoARIMA,0.11530281969028539,False
Q-CL-PAH-02,volume,SeasonalNaive,0.15751378480342784,False
Q-CL-PAH-02,volume,WeekdayAverage,0.1436372249440926,False
Q-CL-PAH-02,volume,AutoETS,0.14252369242488366,False
Q-CL-PAH-02,volume,AutoARIMA,0.13724638248845394,True
Q-CL-PAH-03,volume,SeasonalNaive,0.18051260798877872,False
Q-CL-PAH-03,volume,WeekdayAverage,0.14503570403901941,True
Q-CL-PAH-03,volume,AutoETS,0.16808291516673607,False
Q-CL-PAH-03,volume,AutoARIMA,0.19511422456942465,False
Q-CL-PAH-04,volume,SeasonalNaive,0.12915996703103677,False
Q-CL-PAH-04,volume,WeekdayAverage,0.12369948249537219,False
Q-CL-PAH-04,volume,AutoETS,0.11999719106623466,True
Q-CL-PAH-04,volume,AutoARIMA,0.12782264027057544,False
Q-CL-PAH-05,volume,SeasonalNaive,0.1595991215617758,False
Q-CL-PAH-05,volume,WeekdayAverage,0.13339157233162258,False
Q-CL-PAH-05,volume,AutoETS,0.12903698360117036,True
Q-CL-PAH-05,volume,AutoARIMA,0.14020313869425044,False
Q-CB-CAP-01,aht,SeasonalNaive,18.789464541261935,False
Q-CB-CAP-01,aht,WeekdayAverage,13.967948572762317,False
Q-CB-CAP-01,aht,AutoETS,16.637407042342577,False
Q-CB-CAP-01,aht,AutoARIMA,12.351210595757163,True
Q-CB-CAP-02,aht,SeasonalNaive,23.10617091192386,False
Q-CB-CAP-02,aht,WeekdayAverage,18.299912362460116,False
Q-CB-CAP-02,aht,AutoETS,17.739237325636797,False
Q-CB-CAP-02,aht,AutoARIMA,16.517962861112565,True
Q-CB-CAP-03,aht,SeasonalNaive,23.65095521103704,False
Q-CB-CAP-03,aht,WeekdayAverage,16.669380191760077,True
Q-CB-CAP-03,aht,AutoETS,19.83180196618518,False
Q-CB-CAP-03,aht,AutoARIMA,18.926980385865953,False
Q-CB-CAP-04,aht,SeasonalNaive,24.690334209072144,False
Q-CB-CAP-04,aht,WeekdayAverage,20.92078707601212,False
Q-CB-CAP-04,aht,AutoETS,19.225481895461925,False
Q-CB-CAP-04,aht,AutoARIMA,18.6885817005215,True
Q-CB-CAP-05,aht,SeasonalNaive,36.737487242057504,False
Q-CB-CAP-05,aht,WeekdayAverage,25.052629706082314,False
Q-CB-CAP-05,aht,AutoETS,24.91015539573119,False
Q-CB-CAP-05,aht,AutoARIMA,21.286787760591178,True
Q-CB-DAS-01,aht,SeasonalNaive,18.33535715059148,False
Q-CB-DAS-01,aht,WeekdayAverage,13.962692009253656,False
Q-CB-DAS-01,aht,AutoETS,15.026354987678692,False
Q-CB-DAS-01,aht,AutoARIMA,12.724300325757063,True
Q-CB-DAS-02,aht,SeasonalNaive,24.86926368119664,False
Q-CB-DAS-02,aht,WeekdayAverage,16.953517755353435,False
Q-CB-DAS-02,aht,AutoETS,22.33896837174362,False
Q-CB-DAS-02,aht,AutoARIMA,15.66946739664588,True
Q-CB-DAS-03,aht,SeasonalNaive,22.417895217989205,False
Q-CB-DAS-03,aht,WeekdayAverage,17.252523222879148,False
Q-CB-DAS-03,aht,AutoETS,24.362149244323692,False
Q-CB-DAS-03,aht,AutoARIMA,17.074749599971565,True
Q-CB-DAS-04,aht,SeasonalNaive,35.3894560744101,False
Q-CB-DAS-04,aht,WeekdayAverage,27.674812602403232,False
Q-CB-DAS-04,aht,AutoETS,27.570012557588274,False
Q-CB-DAS-04,aht,AutoARIMA,25.23379664006434,True
Q-CB-DAS-05,aht,SeasonalNaive,25.76824379315996,False
Q-CB-DAS-05,aht,WeekdayAverage,18.71725956421413,False
Q-CB-DAS-05,aht,AutoETS,17.696456833917,False
Q-CB-DAS-05,aht,AutoARIMA,16.012330440641556,True
Q-CB-DFS-01,aht,SeasonalNaive,21.67391622603696,False
Q-CB-DFS-01,aht,WeekdayAverage,15.492447804403028,False
Q-CB-DFS-01,aht,AutoETS,19.76840956350098,False
Q-CB-DFS-01,aht,AutoARIMA,15.445337685637275,True
Q-CB-DFS-02,aht,SeasonalNaive,24.789482411388196,False
Q-CB-DFS-02,aht,WeekdayAverage,18.419559034656263,True
Q-CB-DFS-02,aht,AutoETS,19.915352494244843,False
Q-CB-DFS-02,aht,AutoARIMA,18.624486047312686,False
Q-CB-DFS-03,aht,SeasonalNaive,38.270154421814155,False
Q-CB-DFS-03,aht,WeekdayAverage,29.300502986866114,False
Q-CB-DFS-03,aht,AutoETS,27.703772213551815,True
Q-CB-DFS-03,aht,AutoARIMA,28.020279965257654,False
Q-CB-DFS-04,aht,SeasonalNaive,45.02371271640611,False
Q-CB-DFS-04,aht,WeekdayAverage,32.96130712395381,False
Q-CB-DFS-04,aht,AutoETS,40.358502978186316,False
Q-CB-DFS-04,aht,AutoARIMA,30.673488030504526,True
Q-CB-DFS-05,aht,SeasonalNaive,48.01782052879689,False
Q-CB-DFS-05,aht,WeekdayAverage,34.49290527910836,True
Q-CB-DFS-05,aht,AutoETS,37.9716655017323,False
Q-CB-DFS-05,aht,AutoARIMA,35.6723264374544,False
Q-CL-ALS-01,aht,SeasonalNaive,25.1447358767411,False
Q-CL-ALS-01,aht,WeekdayAverage,20.1789721015635,False
Q-CL-ALS-01,aht,AutoETS,21.53758392906958,False
Q-CL-ALS-01,aht,AutoARIMA,18.540446948482824,True
Q-CL-ALS-02,aht,SeasonalNaive,22.00993859336213,False
Q-CL-ALS-02,aht,WeekdayAverage,16.481624599804572,False
Q-CL-ALS-02,aht,AutoETS,19.247770566981828,False
Q-CL-ALS-02,aht,AutoARIMA,14.66481244131713,True
Q-CL-ALS-03,aht,SeasonalNaive,26.637419632343725,False
Q-CL-ALS-03,aht,WeekdayAverage,19.87601729752618,False
Q-CL-ALS-03,aht,AutoETS,22.927482264370077,False
Q-CL-ALS-03,aht,AutoARIMA,18.085795564378685,True
Q-CL-ALS-04,aht,SeasonalNaive,28.656813060585325,False
Q-CL-ALS-04,aht,WeekdayAverage,20.531831468682846,True
Q-CL-ALS-04,aht,AutoETS,24.061302477275564,False
Q-CL-ALS-04,aht,AutoARIMA,21.970041796088072,False
Q-CL-ALS-05,aht,SeasonalNaive,18.59384108573124,False
Q-CL-ALS-05,aht,WeekdayAverage,12.778698641694348,False
Q-CL-ALS-05,aht,AutoETS,15.366564477891426,False
Q-CL-ALS-05,aht,AutoARIMA,12.664112039231238,True
Q-CL-MCS-01,aht,SeasonalNaive,44.6268036887824,False
Q-CL-MCS-01,aht,WeekdayAverage,32.42273075595349,True
Q-CL-MCS-01,aht,AutoETS,70.66203235264369,False
Q-CL-MCS-01,aht,AutoARIMA,33.52240578117319,False
Q-CL-MCS-02,aht,SeasonalNaive,39.06169749027492,False
Q-CL-MCS-02,aht,WeekdayAverage,28.193370536393793,False
Q-CL-MCS-02,aht,AutoETS,27.465812096723702,True
Q-CL-MCS-02,aht,AutoARIMA,28.163905433053777,False
Q-CL-MCS-03,aht,SeasonalNaive,28.991879152074564,False
Q-CL-MCS-03,aht,WeekdayAverage,19.109692414411327,True
Q-CL-MCS-03,aht,AutoETS,41.70534737283107,False
Q-CL-MCS-03,aht,AutoARIMA,21.568380395523665,False
Q-CL-MCS-04,aht,SeasonalNaive,50.11672927089396,False
Q-CL-MCS-04,aht,WeekdayAverage,35.471461910602045,False
Q-CL-MCS-04,aht,AutoETS,37.70610121882619,False
Q-CL-MCS-04,aht,AutoARIMA,34.818898015881146,True
Q-CL-MCS-05,aht,SeasonalNaive,27.039780851765876,False
Q-CL-MCS-05,aht,WeekdayAverage,22.020154946634893,False
Q-CL-MCS-05,aht,AutoETS,23.710836250218463,False
Q-CL-MCS-05,aht,AutoARIMA,20.648893151252437,True
Q-CL-PAH-01,aht,SeasonalNaive,48.92049491338772,False
Q-CL-PAH-01,aht,WeekdayAverage,35.14942040592951,False
Q-CL-PAH-01,aht,AutoETS,46.93438317392575,False
Q-CL-PAH-01,aht,AutoARIMA,35.07719084931391,True
Q-CL-PAH-02,aht,SeasonalNaive,45.734325128735364,False
Q-CL-PAH-02,aht,WeekdayAverage,34.4215907266282,False
Q-CL-PAH-02,aht,AutoETS,39.655153746027175,False
Q-CL-PAH-02,aht,AutoARIMA,33.853412155765376,True
Q-CL-PAH-03,aht,SeasonalNaive,41.30632466960058,False
Q-CL-PAH-03,aht,WeekdayAverage,32.45895931341618,True
Q-CL-PAH-03,aht,AutoETS,40.04580811785902,False
Q-CL-PAH-03,aht,AutoARIMA,34.29375463434683,False
Q-CL-PAH-04,aht,SeasonalNaive,51.28114702953593,False
Q-CL-PAH-04,aht,WeekdayAverage,34.326871227805256,False
Q-CL-PAH-04,aht,AutoETS,48.65221543862174,False
Q-CL-PAH-04,aht,AutoARIMA,33.32156755289783,True
Q-CL-PAH-05,aht,SeasonalNaive,33.88336020884148,False
Q-CL-PAH-05,aht,WeekdayAverage,23.33486762469956,True
Q-CL-PAH-05,aht,AutoETS,31.80892857221819,False
Q-CL-PAH-05,aht,AutoARIMA,29.35506103914018,False
